695,0,1,9,11,False,1320.0,None,None,34816.32149614747,44,3,67,75,695,None,[],Virgo,{(7, datetime.date(1, 9, 25)): [1, 0.038356164383561646, 'afterbirth_passive'], (5, datetime.date(1, 10, 2)): [1, 0.057534246575342465, 'afterbirth_passive']}
714,1,1,9,19,False,2310.0,None,None,16969.769319657476,77,17,29,54,714,None,[],Virgo,{(7, datetime.date(1, 9, 20)): [1, 0.0027397260273972603, 'afterbirth_passive'], (7, datetime.date(1, 9, 29)): [1, 0.0273972602739726, 'afterbirth_passive'], (5, datetime.date(1, 10, 2)): [1, 0.03561643835616438, 'afterbirth_passive'], (6, datetime.date(23, 6, 5)): [1, 21.724677527951776, 'prenatal']}
374,1,1,8,29,False,1290.0,None,None,10523.031869951385,43,6,42,77,374,789,[],Virgo,{(5, datetime.date(1, 10, 3)): [1, 0.0958904109589041, 'afterbirth_passive'], (9, datetime.date(35, 10, 28)): [1, 34.188123916921846, 'prenatal']}
518,1,1,8,14,False,2280.0,None,None,16221.27442403574,76,59,71,59,518,676,[],Leo,{(8, datetime.date(1, 8, 16)): [1, 0.00821917808219178, 'afterbirth_passive'], (5, datetime.date(1, 10, 3)): [1, 0.136986301369863, 'afterbirth_passive']}
630,1,1,8,30,False,180.0,None,None,33492.980349556165,6,59,77,96,630,135,[],Virgo,{(8, datetime.date(1, 9, 29)): [1, 0.0821917808219178, 'afterbirth_passive'], (5, datetime.date(1, 10, 3)): [1, 0.09315068493150686, 'afterbirth_passive'], (0, datetime.date(30, 1, 14)): [1, 28.396350841435492, 'prenatal']}
266,0,1,10,2,False,2790.0,None,None,5904.12917849337,93,46,24,39,266,753,[],Virgo,{(5, datetime.date(1, 10, 4)): [1, 0.005479452054794521, 'afterbirth_passive'], (5, datetime.date(52, 10, 19)): [1, 51.083468267917, 'prenatal']}
419,0,1,9,18,False,1140.0,None,None,19614.829011914073,38,13,75,70,419,None,[],Virgo,{(7, datetime.date(1, 9, 20)): [1, 0.005479452054794521, 'afterbirth_passive'], (7, datetime.date(1, 9, 25)): [1, 0.019178082191780823, 'afterbirth_passive'], (5, datetime.date(1, 10, 5)): [1, 0.04657534246575343, 'afterbirth_passive'], (8, datetime.date(67, 9, 2)): [1, 66, 'prenatal']}
576,1,1,10,5,False,1590.0,None,None,2090.977607249736,53,79,5,8,576,None,[],Virgo,{(5, datetime.date(1, 10, 5)): [1, 0.0, 'afterbirth_passive'], (0, datetime.date(29, 4, 13)): [1, 27.54197802514882, 'prenatal']}
183,1,1,5,28,False,300.0,None,None,6924.595950084819,10,94,24,83,183,725,[],Gemini,{(5, datetime.date(1, 6, 20)): [1, 0.06575342465753424, 'afterbirth_passive'], (7, datetime.date(1, 6, 27)): [1, 0.0821917808219178, 'afterbirth_passive'], (7, datetime.date(1, 8, 29)): [1, 0.2547945205479452, 'afterbirth_passive'], (5, datetime.date(1, 10, 6)): [1, 0.3589041095890411, 'afterbirth_passive']}
544,1,1,9,11,False,60.0,None,None,12036.372348219998,2,79,30,76,544,None,[],Virgo,{(8, datetime.date(1, 9, 16)): [1, 0.0136986301369863, 'afterbirth_passive'], (5, datetime.date(1, 10, 7)): [1, 0.07123287671232877, 'afterbirth_passive'], (0, datetime.date(26, 2, 23)): [1, 24.47006562700116, 'prenatal'], (6, datetime.date(35, 3, 5)): [1, 33.50238441638758, 'prenatal']}
839,0,1,6,9,False,330.0,None,None,14640.739992975834,11,90,31,5,839,499,[],Gemini,{(7, datetime.date(1, 6, 11)): [1, 0.00821917808219178, 'afterbirth_passive'], (8, datetime.date(1, 6, 19)): [1, 0.0273972602739726, 'afterbirth_passive'], (7, datetime.date(1, 7, 9)): [1, 0.0821917808219178, 'afterbirth_passive'], (7, datetime.date(1, 7, 24)): [1, 0.1232876712328767, 'afterbirth_passive'], (7, datetime.date(1, 9, 7)): [1, 0.2465753424657534, 'afterbirth_passive'], (8, datetime.date(1, 9, 9)): [1, 0.25205479452054796, 'afterbirth_passive'], (8, datetime.date(1, 9, 21)): [1, 0.28493150684931506, 'afterbirth_passive'], (7, datetime.date(1, 10, 1)): [1, 0.31232876712328766, 'afterbirth_passive'], (7, datetime.date(1, 10, 4)): [1, 0.32054794520547947, 'afterbirth_passive'], (5, datetime.date(1, 10, 7)): [1, 0.3287671232876712, 'afterbirth_passive']}
872,0,1,8,17,False,960.0,None,None,35368.5872491313,32,46,97,58,872,None,[],Leo,{(8, datetime.date(1, 8, 30)): [1, 0.03561643835616438, 'afterbirth_passive'], (8, datetime.date(1, 9, 27)): [1, 0.11232876712328767, 'afterbirth_passive'], (5, datetime.date(1, 10, 7)): [1, 0.13972602739726028, 'afterbirth_passive']}
43,0,1,7,17,False,2220.0,None,None,7694.707098581053,74,41,59,48,43,390,[],Leo,{(7, datetime.date(1, 9, 17)): [1, 0.16986301369863013, 'afterbirth_passive'], (8, datetime.date(1, 9, 25)): [1, 0.1917808219178082, 'afterbirth_passive'], (5, datetime.date(1, 10, 8)): [1, 0.2273972602739726, 'afterbirth_passive']}
351,0,1,8,10,False,1260.0,None,None,1509.8263117756337,42,77,100,83,351,None,[],Leo,{(7, datetime.date(1, 8, 12)): [1, 0.005479452054794521, 'afterbirth_passive'], (7, datetime.date(1, 8, 14)): [1, 0.010958904109589041, 'afterbirth_passive'], (7, datetime.date(1, 9, 13)): [1, 0.09315068493150686, 'afterbirth_passive'], (7, datetime.date(1, 9, 17)): [1, 0.10410958904109589, 'afterbirth_passive'], (8, datetime.date(1, 9, 19)): [1, 0.1095890410958904, 'afterbirth_passive'], (7, datetime.date(1, 9, 28)): [1, 0.13424657534246576, 'afterbirth_passive'], (5, datetime.date(1, 10, 8)): [1, 0.16164383561643836, 'afterbirth_passive']}
634,1,1,9,8,False,1380.0,None,None,1173.9085287969579,46,97,95,20,634,None,[],Virgo,{(8, datetime.date(1, 9, 12)): [1, 0.010958904109589041, 'afterbirth_passive'], (5, datetime.date(1, 10, 8)): [1, 0.0821917808219178, 'afterbirth_passive']}
763,1,1,5,27,False,2460.0,None,None,5176.187872204133,82,15,27,30,763,689,[],Gemini,{(3, datetime.date(1, 5, 27)): [1, 0.0, 'afterbirth_passive'], (7, datetime.date(1, 5, 31)): [1, 0.010958904109589041, 'afterbirth_passive'], (8, datetime.date(1, 7, 8)): [1, 0.11506849315068493, 'afterbirth_passive'], (8, datetime.date(1, 7, 18)): [1, 0.14246575342465753, 'afterbirth_passive'], (7, datetime.date(1, 8, 11)): [1, 0.20821917808219179, 'afterbirth_passive'], (7, datetime.date(1, 9, 11)): [1, 0.29315068493150687, 'afterbirth_passive'], (7, datetime.date(1, 9, 12)): [1, 0.2958904109589041, 'afterbirth_passive'], (7, datetime.date(1, 10, 3)): [1, 0.35342465753424657, 'afterbirth_passive'], (5, datetime.date(1, 10, 8)): [1, 0.36712328767123287, 'afterbirth_passive']}
232,0,1,9,20,False,2460.0,None,None,10781.05853761838,82,93,38,24,232,None,[],Virgo,{(7, datetime.date(1, 10, 1)): [1, 0.030136986301369864, 'afterbirth_passive'], (5, datetime.date(1, 10, 9)): [1, 0.052054794520547946, 'afterbirth_passive'], (9, datetime.date(35, 2, 12)): [1, 33.419694351188795, 'prenatal'], (5, datetime.date(51, 2, 11)): [1, 49.42778972013137, 'prenatal']}
432,1,1,7,11,False,990.0,None,None,16845.16959419096,33,87,89,77,432,57,[],Cancer,{(8, datetime.date(1, 7, 20)): [1, 0.024657534246575342, 'afterbirth_passive'], (5, datetime.date(1, 7, 22)): [1, 0.03287671232876712, 'afterbirth_passive'], (7, datetime.date(1, 7, 26)): [1, 0.0410958904109589, 'afterbirth_passive'], (8, datetime.date(1, 8, 15)): [1, 0.0958904109589041, 'afterbirth_passive'], (8, datetime.date(1, 8, 17)): [1, 0.10136986301369863, 'afterbirth_passive'], (7, datetime.date(1, 8, 26)): [1, 0.12602739726027398, 'afterbirth_passive'], (7, datetime.date(1, 9, 9)): [1, 0.1643835616438356, 'afterbirth_passive'], (5, datetime.date(1, 10, 9)): [1, 0.2465753424657534, 'afterbirth_passive']}
490,0,1,9,29,False,2790.0,None,None,7231.276537389263,93,62,25,36,490,919,[],Virgo,{(8, datetime.date(1, 10, 4)): [1, 0.01643835616438356, 'afterbirth_passive'], (5, datetime.date(1, 10, 9)): [1, 0.0273972602739726, 'afterbirth_passive'], (1, datetime.date(31, 8, 3)): [1, 29.86333812122398, 'prenatal']}
517,0,1,9,4,False,660.0,None,None,9711.425101865741,22,68,1,27,517,65,[],Virgo,{(5, datetime.date(1, 10, 9)): [1, 0.0958904109589041, 'afterbirth_passive']}
774,1,1,9,17,False,1710.0,None,None,3403.064564483022,57,85,28,42,774,None,[],Virgo,{(7, datetime.date(1, 9, 19)): [1, 0.005479452054794521, 'afterbirth_passive'], (5, datetime.date(1, 10, 9)): [1, 0.06027397260273973, 'afterbirth_passive'], (8, datetime.date(89, 8, 26)): [1, 88, 'prenatal']}
145,0,1,9,20,False,1440.0,None,None,4277.0449104482095,48,83,74,27,145,None,[],Virgo,{(3, datetime.date(1, 9, 20)): [1, 0.0, 'afterbirth_passive'], (8, datetime.date(1, 9, 24)): [1, 0.010958904109589041, 'afterbirth_passive'], (5, datetime.date(1, 10, 11)): [1, 0.057534246575342465, 'afterbirth_passive'], (0, datetime.date(23, 6, 8)): [1, 21.729498570124463, 'prenatal'], (9, datetime.date(39, 6, 28)): [1, 37.796285579713995, 'prenatal'], (8, datetime.date(121, 8, 22)): [1, 120, 'prenatal']}
240,0,1,9,16,False,2340.0,None,None,3124.944503657502,78,39,42,88,240,18,[],Virgo,{(8, datetime.date(1, 9, 21)): [1, 0.01643835616438356, 'afterbirth_passive'], (5, datetime.date(1, 10, 11)): [1, 0.0684931506849315, 'afterbirth_passive']}
510,1,1,6,21,False,690.0,None,None,1920.9412289404765,23,56,33,71,510,889,[],Gemini,{(7, datetime.date(1, 7, 7)): [1, 0.043835616438356165, 'afterbirth_passive'], (8, datetime.date(1, 7, 17)): [1, 0.07123287671232877, 'afterbirth_passive'], (7, datetime.date(1, 8, 1)): [1, 0.11232876712328767, 'afterbirth_passive'], (8, datetime.date(1, 9, 7)): [1, 0.2136986301369863, 'afterbirth_passive'], (7, datetime.date(1, 9, 10)): [1, 0.2219178082191781, 'afterbirth_passive'], (7, datetime.date(1, 9, 15)): [1, 0.2356164383561644, 'afterbirth_passive'], (5, datetime.date(1, 10, 11)): [1, 0.30684931506849317, 'afterbirth_passive'], (9, datetime.date(35, 9, 8)): [1, 34.238578228832665, 'prenatal'], (5, datetime.date(56, 6, 4)): [1, 54.99225335783494, 'prenatal']}
92,0,1,10,10,False,900.0,None,None,10312.316862069758,30,41,7,8,92,763,[],Libra,{(5, datetime.date(1, 10, 12)): [1, 0.005479452054794521, 'afterbirth_passive'], (7, datetime.date(67, 9, 24)): [1, 66, 'prenatal']}
435,1,1,9,21,False,270.0,None,None,15640.347240805802,9,49,55,7,435,950,[],Virgo,{(8, datetime.date(1, 10, 8)): [1, 0.04657534246575343, 'afterbirth_passive'], (5, datetime.date(1, 10, 12)): [1, 0.057534246575342465, 'afterbirth_passive']}
623,1,1,10,4,False,2940.0,None,None,16182.23393482911,98,95,65,91,623,None,[],Virgo,{(5, datetime.date(1, 10, 12)): [1, 0.021917808219178082, 'afterbirth_passive'], (1, datetime.date(32, 6, 12)): [1, 30.71163722701632, 'prenatal'], (8, datetime.date(110, 9, 8)): [1, 109, 'prenatal']}
653,1,1,8,13,False,1110.0,None,None,12267.344125928217,37,33,91,31,653,None,[],Leo,{(7, datetime.date(1, 8, 14)): [1, 0.0027397260273972603, 'afterbirth_passive'], (8, datetime.date(1, 8, 20)): [1, 0.019178082191780823, 'afterbirth_passive'], (8, datetime.date(1, 10, 10)): [1, 0.1589041095890411, 'afterbirth_passive'], (5, datetime.date(1, 10, 12)): [1, 0.1643835616438356, 'afterbirth_passive']}
959,1,1,7,5,False,1050.0,None,None,76447.50541818616,35,88,14,92,959,78,[],Cancer,{(7, datetime.date(1, 7, 6)): [1, 0.0027397260273972603, 'afterbirth_passive'], (7, datetime.date(1, 7, 19)): [1, 0.038356164383561646, 'afterbirth_passive'], (8, datetime.date(1, 7, 27)): [1, 0.06027397260273973, 'afterbirth_passive'], (7, datetime.date(1, 8, 26)): [1, 0.14246575342465753, 'afterbirth_passive'], (7, datetime.date(1, 9, 26)): [1, 0.2273972602739726, 'afterbirth_passive'], (5, datetime.date(1, 10, 13)): [1, 0.273972602739726, 'afterbirth_passive']}
989,1,1,9,21,False,840.0,None,None,5312.405656217755,28,22,79,99,989,585,[],Virgo,{(5, datetime.date(1, 10, 13)): [1, 0.06027397260273973, 'afterbirth_passive']}
367,1,1,5,29,False,570.0,None,None,789.7469567994432,19,99,87,98,367,584,[],Gemini,{(5, datetime.date(1, 6, 21)): [1, 0.06575342465753424, 'afterbirth_passive'], (7, datetime.date(1, 7, 9)): [1, 0.11232876712328767, 'afterbirth_passive'], (7, datetime.date(1, 7, 28)): [1, 0.1643835616438356, 'afterbirth_passive'], (8, datetime.date(1, 8, 24)): [1, 0.23835616438356164, 'afterbirth_passive'], (7, datetime.date(1, 8, 28)): [1, 0.2493150684931507, 'afterbirth_passive'], (7, datetime.date(1, 9, 6)): [1, 0.273972602739726, 'afterbirth_passive'], (7, datetime.date(1, 9, 8)): [1, 0.27945205479452057, 'afterbirth_passive'], (8, datetime.date(1, 9, 17)): [1, 0.3041095890410959, 'afterbirth_passive'], (7, datetime.date(1, 9, 23)): [1, 0.32054794520547947, 'afterbirth_passive'], (8, datetime.date(1, 9, 29)): [1, 0.336986301369863, 'afterbirth_passive'], (5, datetime.date(1, 10, 14)): [1, 0.3780821917808219, 'afterbirth_passive']}
442,1,1,8,5,False,900.0,None,None,23700.498350575795,30,8,51,55,442,880,[],Leo,{(7, datetime.date(1, 9, 9)): [1, 0.0958904109589041, 'afterbirth_passive'], (5, datetime.date(1, 10, 14)): [1, 0.1917808219178082, 'afterbirth_passive']}
974,1,1,8,26,False,2190.0,None,None,13092.710500281044,73,8,66,65,974,824,[],Virgo,{(5, datetime.date(1, 10, 14)): [1, 0.13424657534246576, 'afterbirth_passive']}
982,0,1,2,24,False,1500.0,None,None,12783.863878598875,50,30,87,23,982,829,[],Pisces,{(7, datetime.date(1, 3, 17)): [1, 0.057534246575342465, 'afterbirth_passive'], (7, datetime.date(1, 4, 8)): [1, 0.1178082191780822, 'afterbirth_passive'], (7, datetime.date(1, 5, 19)): [1, 0.23013698630136986, 'afterbirth_passive'], (8, datetime.date(1, 7, 3)): [1, 0.35342465753424657, 'afterbirth_passive'], (7, datetime.date(1, 8, 2)): [1, 0.43561643835616437, 'afterbirth_passive'], (7, datetime.date(1, 8, 8)): [1, 0.4520547945205479, 'afterbirth_passive'], (8, datetime.date(1, 8, 28)): [1, 0.5068493150684932, 'afterbirth_passive'], (5, datetime.date(1, 10, 14)): [1, 0.6356164383561644, 'afterbirth_passive']}
334,1,1,10,13,False,1350.0,None,None,9452.95712356394,45,83,32,14,334,709,[],Libra,{(5, datetime.date(1, 10, 15)): [1, 0.005479452054794521, 'afterbirth_passive'], (1, datetime.date(18, 12, 12)): [1, 17.177695721556674, 'prenatal'], (8, datetime.date(39, 10, 4)): [1, 38, 'prenatal']}
732,1,1,10,14,False,2670.0,None,None,8221.00426761833,89,53,99,11,732,813,[],Libra,{(5, datetime.date(1, 10, 15)): [1, 0.0027397260273972603, 'afterbirth_passive'], (9, datetime.date(41, 11, 21)): [1, 40.133852800526554, 'prenatal'], (5, datetime.date(48, 4, 2)): [1, 46.49914485687316, 'prenatal']}
785,1,1,9,14,False,180.0,None,None,12581.885931463607,6,70,83,8,785,884,[],Virgo,{(7, datetime.date(1, 10, 7)): [1, 0.06575342465753424, 'afterbirth_passive'], (5, datetime.date(1, 10, 15)): [1, 0.08493150684931507, 'afterbirth_passive'], (9, datetime.date(54, 3, 9)): [1, 52.51888117004172, 'prenatal']}
540,0,1,9,5,False,2640.0,None,None,8948.704715019208,88,23,50,5,540,607,[],Virgo,{(7, datetime.date(1, 10, 1)): [1, 0.07123287671232877, 'afterbirth_passive'], (5, datetime.date(1, 10, 16)): [1, 0.11232876712328767, 'afterbirth_passive']}
884,1,1,9,9,False,1050.0,None,None,5032.754372585447,35,89,62,19,884,785,[],Virgo,{(7, datetime.date(1, 10, 12)): [1, 0.09041095890410959, 'afterbirth_passive'], (8, datetime.date(1, 10, 14)): [1, 0.0958904109589041, 'afterbirth_passive'], (5, datetime.date(1, 10, 16)): [1, 0.10136986301369863, 'afterbirth_passive']}
39,1,1,9,1,False,390.0,None,None,76605.454809546,13,46,9,26,39,None,[],Virgo,{(7, datetime.date(1, 9, 12)): [1, 0.030136986301369864, 'afterbirth_passive'], (5, datetime.date(1, 10, 17)): [1, 0.12602739726027398, 'afterbirth_passive']}
78,1,1,7,26,False,2040.0,None,None,11621.694435089887,68,71,96,81,78,959,[],Leo,{(7, datetime.date(1, 8, 14)): [1, 0.052054794520547946, 'afterbirth_passive'], (7, datetime.date(1, 10, 14)): [1, 0.2191780821917808, 'afterbirth_passive'], (5, datetime.date(1, 10, 17)): [1, 0.2273972602739726, 'afterbirth_passive']}
132,1,1,8,12,False,2790.0,None,None,15741.700764291392,93,40,69,11,132,668,[],Leo,{(7, datetime.date(1, 8, 17)): [1, 0.0136986301369863, 'afterbirth_passive'], (5, datetime.date(1, 10, 17)): [1, 0.18082191780821918, 'afterbirth_passive']}
70,0,1,9,25,False,1920.0,None,None,320.15687149007937,64,26,86,32,70,None,[],Virgo,{(7, datetime.date(1, 10, 2)): [1, 0.019178082191780823, 'afterbirth_passive'], (8, datetime.date(1, 10, 8)): [1, 0.03561643835616438, 'afterbirth_passive'], (5, datetime.date(1, 10, 18)): [1, 0.06301369863013699, 'afterbirth_passive'], (8, datetime.date(7, 9, 24)): [1, 6, 'prenatal'], (1, datetime.date(24, 5, 21)): [1, 22.671072791312753, 'prenatal']}
281,0,1,10,13,False,2700.0,None,None,3875.220866890795,90,91,39,90,281,155,[],Libra,{(5, datetime.date(1, 10, 18)): [1, 0.0136986301369863, 'afterbirth_passive'], (5, datetime.date(56, 6, 15)): [1, 54.71132517168421, 'prenatal']}
710,0,1,7,16,False,1560.0,None,None,8221.00426761833,52,93,89,67,710,451,[],Leo,{(8, datetime.date(1, 8, 26)): [1, 0.11232876712328767, 'afterbirth_passive'], (8, datetime.date(1, 9, 23)): [1, 0.18904109589041096, 'afterbirth_passive'], (5, datetime.date(1, 10, 18)): [1, 0.25753424657534246, 'afterbirth_passive']}
451,0,1,8,24,False,960.0,None,None,445.79156845259223,32,39,45,98,451,710,[],Virgo,{(7, datetime.date(1, 8, 25)): [1, 0.0027397260273972603, 'afterbirth_passive'], (8, datetime.date(1, 10, 2)): [1, 0.10684931506849316, 'afterbirth_passive'], (8, datetime.date(1, 10, 9)): [1, 0.12602739726027398, 'afterbirth_passive'], (7, datetime.date(1, 10, 13)): [1, 0.136986301369863, 'afterbirth_passive'], (5, datetime.date(1, 10, 19)): [1, 0.15342465753424658, 'afterbirth_passive'], (1, datetime.date(27, 2, 20)): [1, 25.510047737714704, 'prenatal']}
923,1,1,8,25,False,1770.0,None,None,5762.823686821431,59,70,75,57,923,None,[],Virgo,{(7, datetime.date(1, 8, 29)): [1, 0.010958904109589041, 'afterbirth_passive'], (7, datetime.date(1, 9, 14)): [1, 0.0547945205479452, 'afterbirth_passive'], (7, datetime.date(1, 9, 24)): [1, 0.0821917808219178, 'afterbirth_passive'], (5, datetime.date(1, 10, 19)): [1, 0.1506849315068493, 'afterbirth_passive']}
60,1,1,9,15,False,2490.0,None,None,17187.194770116268,83,24,24,100,60,242,[],Virgo,{(8, datetime.date(1, 9, 15)): [1, 0.0, 'afterbirth_passive'], (5, datetime.date(1, 10, 20)): [1, 0.0958904109589041, 'afterbirth_passive'], (9, datetime.date(55, 2, 14)): [1, 53.45454538624326, 'prenatal']}
122,1,1,10,11,False,2280.0,None,None,64759.250457554386,76,64,19,63,122,None,[],Libra,{(8, datetime.date(1, 10, 19)): [1, 0.021917808219178082, 'afterbirth_passive'], (5, datetime.date(1, 10, 20)): [1, 0.024657534246575342, 'afterbirth_passive']}
267,0,1,8,13,False,540.0,None,None,10937.305762801263,18,82,26,20,267,None,[],Leo,{(8, datetime.date(1, 8, 13)): [1, 0.0, 'afterbirth_passive'], (8, datetime.date(1, 8, 17)): [1, 0.010958904109589041, 'afterbirth_passive'], (8, datetime.date(1, 8, 22)): [1, 0.024657534246575342, 'afterbirth_passive'], (7, datetime.date(1, 10, 8)): [1, 0.15342465753424658, 'afterbirth_passive'], (5, datetime.date(1, 10, 20)): [1, 0.1863013698630137, 'afterbirth_passive']}
559,0,1,8,8,False,2040.0,None,None,10398.252835920344,68,17,91,23,559,799,[],Leo,{(7, datetime.date(1, 9, 7)): [1, 0.0821917808219178, 'afterbirth_passive'], (7, datetime.date(1, 9, 26)): [1, 0.13424657534246576, 'afterbirth_passive'], (8, datetime.date(1, 9, 29)): [1, 0.14520547945205478, 'afterbirth_passive'], (7, datetime.date(1, 10, 4)): [1, 0.15616438356164383, 'afterbirth_passive'], (5, datetime.date(1, 10, 20)): [1, 0.2, 'afterbirth_passive']}
731,1,1,10,5,False,390.0,None,None,273.8184961874654,13,58,87,34,731,497,[],Virgo,{(8, datetime.date(1, 10, 10)): [1, 0.0136986301369863, 'afterbirth_passive'], (5, datetime.date(1, 10, 20)): [1, 0.0410958904109589, 'afterbirth_passive']}
177,0,1,8,14,False,2130.0,None,None,5032.754372585447,71,28,82,23,177,607,[],Leo,{(5, datetime.date(1, 10, 21)): [1, 0.1863013698630137, 'afterbirth_passive']}
890,1,1,10,14,False,600.0,None,None,13092.710500281044,20,90,2,81,890,348,[],Libra,{(8, datetime.date(1, 10, 15)): [1, 0.0027397260273972603, 'afterbirth_passive'], (8, datetime.date(1, 10, 16)): [1, 0.00821917808219178, 'afterbirth_passive'], (5, datetime.date(1, 10, 21)): [1, 0.019178082191780823, 'afterbirth_passive'], (9, datetime.date(46, 8, 27)): [1, 44.900114668147225, 'prenatal']}
983,1,1,9,2,False,450.0,None,None,1136.3434558754548,15,15,44,56,983,None,[],Virgo,{(7, datetime.date(1, 9, 4)): [1, 0.005479452054794521, 'afterbirth_passive'], (7, datetime.date(1, 9, 24)): [1, 0.06027397260273973, 'afterbirth_passive'], (8, datetime.date(1, 10, 14)): [1, 0.11506849315068493, 'afterbirth_passive'], (5, datetime.date(1, 10, 21)): [1, 0.13424657534246576, 'afterbirth_passive']}
335,1,1,10,14,False,1860.0,None,None,32634.17176857205,62,28,63,65,335,725,[],Libra,{(8, datetime.date(1, 10, 18)): [1, 0.010958904109589041, 'afterbirth_passive'], (5, datetime.date(1, 10, 22)): [1, 0.021917808219178082, 'afterbirth_passive'], (1, datetime.date(36, 2, 15)): [1, 34.364221335384336, 'prenatal'], (5, datetime.date(41, 10, 3)): [1, 39.99855308163117, 'prenatal']}
469,0,1,8,26,False,690.0,None,None,13045.080830518244,23,83,57,23,469,None,[],Virgo,{(7, datetime.date(1, 8, 27)): [1, 0.0027397260273972603, 'afterbirth_passive'], (8, datetime.date(1, 9, 30)): [1, 0.0958904109589041, 'afterbirth_passive'], (7, datetime.date(1, 10, 2)): [1, 0.10136986301369863, 'afterbirth_passive'], (7, datetime.date(1, 10, 9)): [1, 0.12054794520547946, 'afterbirth_passive'], (5, datetime.date(1, 10, 22)): [1, 0.15616438356164383, 'afterbirth_passive']}
787,1,1,10,22,False,810.0,None,None,2942.2243517871107,27,54,99,44,787,None,[],Libra,{(5, datetime.date(1, 10, 22)): [1, 0.0, 'afterbirth_passive'], (1, datetime.date(26, 3, 26)): [1, 24.442785479645465, 'prenatal'], (0, datetime.date(38, 9, 3)): [1, 36.893049572062125, 'prenatal'], (8, datetime.date(52, 10, 9)): [1, 51, 'prenatal']}
803,0,1,10,18,False,2970.0,None,None,1105.268351535353,99,9,16,46,803,None,[],Libra,{(7, datetime.date(1, 10, 20)): [1, 0.00821917808219178, 'afterbirth_passive'], (5, datetime.date(1, 10, 22)): [1, 0.010958904109589041, 'afterbirth_passive'], (7, datetime.date(61, 10, 3)): [1, 60, 'prenatal']}
550,0,1,6,25,False,480.0,None,None,18527.795962185337,16,95,33,1,550,57,[],Gemini,{(7, datetime.date(1, 7, 22)): [1, 0.07397260273972603, 'afterbirth_passive'], (7, datetime.date(1, 7, 29)): [1, 0.09315068493150686, 'afterbirth_passive'], (8, datetime.date(1, 10, 22)): [1, 0.32602739726027397, 'afterbirth_passive'], (5, datetime.date(1, 10, 23)): [1, 0.3287671232876712, 'afterbirth_passive']}
677,0,1,7,18,False,2820.0,None,None,5466.786276382747,94,88,86,55,677,701,[],Leo,{(7, datetime.date(1, 7, 25)): [1, 0.019178082191780823, 'afterbirth_passive'], (8, datetime.date(1, 8, 2)): [1, 0.0410958904109589, 'afterbirth_passive'], (8, datetime.date(1, 9, 5)): [1, 0.13424657534246576, 'afterbirth_passive'], (8, datetime.date(1, 9, 28)): [1, 0.19726027397260273, 'afterbirth_passive'], (5, datetime.date(1, 10, 23)): [1, 0.26575342465753427, 'afterbirth_passive']}
985,1,1,9,26,False,540.0,None,None,1830.0924991219792,18,2,5,2,985,None,[],Virgo,{(7, datetime.date(1, 10, 9)): [1, 0.03561643835616438, 'afterbirth_passive'], (8, datetime.date(1, 10, 10)): [1, 0.038356164383561646, 'afterbirth_passive'], (5, datetime.date(1, 10, 23)): [1, 0.07397260273972603, 'afterbirth_passive'], (0, datetime.date(26, 5, 12)): [1, 24.642071176929036, 'prenatal'], (5, datetime.date(57, 7, 25)): [1, 55.86630373813482, 'prenatal'], (7, datetime.date(121, 8, 28)): [1, 120, 'prenatal']}
532,0,1,9,5,False,420.0,None,None,3634.3182221245424,14,27,63,70,532,114,[],Virgo,{(7, datetime.date(1, 9, 5)): [1, 0.0, 'afterbirth_passive'], (7, datetime.date(1, 9, 19)): [1, 0.038356164383561646, 'afterbirth_passive'], (7, datetime.date(1, 10, 21)): [1, 0.12602739726027398, 'afterbirth_passive'], (5, datetime.date(1, 10, 24)): [1, 0.13424657534246576, 'afterbirth_passive']}
741,0,1,8,8,False,1590.0,None,None,5115.454145020552,53,24,68,27,741,None,[],Leo,{(7, datetime.date(1, 8, 24)): [1, 0.043835616438356165, 'afterbirth_passive'], (7, datetime.date(1, 9, 12)): [1, 0.0958904109589041, 'afterbirth_passive'], (7, datetime.date(1, 9, 19)): [1, 0.11506849315068493, 'afterbirth_passive'], (7, datetime.date(1, 9, 27)): [1, 0.136986301369863, 'afterbirth_passive'], (7, datetime.date(1, 10, 21)): [1, 0.20273972602739726, 'afterbirth_passive'], (5, datetime.date(1, 10, 24)): [1, 0.21095890410958903, 'afterbirth_passive'], (9, datetime.date(44, 11, 8)): [1, 43.28258665177983, 'prenatal'], (7, datetime.date(79, 7, 20)): [1, 78, 'prenatal'], (8, datetime.date(111, 7, 13)): [1, 110, 'prenatal']}
361,0,1,10,5,False,2880.0,None,None,31610.674853911114,96,50,84,85,361,None,[],Virgo,{(8, datetime.date(1, 10, 18)): [1, 0.03561643835616438, 'afterbirth_passive'], (5, datetime.date(1, 10, 25)): [1, 0.0547945205479452, 'afterbirth_passive'], (7, datetime.date(123, 9, 6)): [1, 122, 'prenatal']}
745,1,1,8,16,False,2070.0,None,None,1509.8263117756337,69,34,36,1,745,444,[],Leo,{(7, datetime.date(1, 10, 9)): [1, 0.14794520547945206, 'afterbirth_passive'], (7, datetime.date(1, 10, 11)): [1, 0.15342465753424658, 'afterbirth_passive'], (8, datetime.date(1, 10, 23)): [1, 0.1863013698630137, 'afterbirth_passive'], (5, datetime.date(1, 10, 25)): [1, 0.1917808219178082, 'afterbirth_passive']}
58,1,1,7,7,False,1440.0,None,None,6249.889007315004,48,60,52,99,58,896,[],Cancer,{(5, datetime.date(1, 7, 18)): [1, 0.03287671232876712, 'afterbirth_passive'], (7, datetime.date(1, 7, 25)): [1, 0.049315068493150684, 'afterbirth_passive'], (8, datetime.date(1, 8, 6)): [1, 0.0821917808219178, 'afterbirth_passive'], (7, datetime.date(1, 9, 12)): [1, 0.18356164383561643, 'afterbirth_passive'], (8, datetime.date(1, 10, 6)): [1, 0.2493150684931507, 'afterbirth_passive'], (8, datetime.date(1, 10, 15)): [1, 0.27671232876712326, 'afterbirth_passive'], (5, datetime.date(1, 10, 26)): [1, 0.3041095890410959, 'afterbirth_passive']}
72,1,1,10,4,False,540.0,None,None,56130.77544194394,18,40,32,49,72,None,[],Virgo,{(8, datetime.date(1, 10, 6)): [1, 0.005479452054794521, 'afterbirth_passive'], (5, datetime.date(1, 10, 26)): [1, 0.06027397260273973, 'afterbirth_passive'], (5, datetime.date(28, 5, 29)): [1, 26.669614705782642, 'prenatal'], (0, datetime.date(30, 1, 17)): [1, 28.307920844632314, 'prenatal'], (8, datetime.date(90, 9, 12)): [1, 89, 'prenatal']}
205,0,1,10,9,False,2040.0,None,None,12267.344125928217,68,88,70,14,205,32,[],Libra,{(5, datetime.date(1, 10, 26)): [1, 0.04657534246575343, 'afterbirth_passive']}
354,1,1,7,21,False,990.0,None,None,31818.331332078367,33,15,97,38,354,None,[],Leo,{(7, datetime.date(1, 8, 13)): [1, 0.06575342465753424, 'afterbirth_passive'], (7, datetime.date(1, 8, 19)): [1, 0.07945205479452055, 'afterbirth_passive'], (8, datetime.date(1, 9, 11)): [1, 0.14246575342465753, 'afterbirth_passive'], (7, datetime.date(1, 10, 6)): [1, 0.21095890410958903, 'afterbirth_passive'], (5, datetime.date(1, 10, 26)): [1, 0.26575342465753427, 'afterbirth_passive']}
596,1,1,10,26,False,660.0,None,None,17204.381964886383,22,45,52,73,596,199,[],Libra,{(5, datetime.date(1, 10, 26)): [1, 0.0, 'afterbirth_passive']}
481,0,1,9,21,False,1110.0,None,None,16928.355616878318,37,97,59,5,481,563,[],Virgo,{(7, datetime.date(1, 10, 1)): [1, 0.0273972602739726, 'afterbirth_passive'], (8, datetime.date(1, 10, 25)): [1, 0.09315068493150686, 'afterbirth_passive'], (5, datetime.date(1, 10, 27)): [1, 0.09863013698630137, 'afterbirth_passive']}
485,1,1,9,20,False,600.0,None,None,12945.787147863288,20,93,72,94,485,None,[],Virgo,{(7, datetime.date(1, 9, 25)): [1, 0.0136986301369863, 'afterbirth_passive'], (5, datetime.date(1, 10, 27)): [1, 0.10136986301369863, 'afterbirth_passive']}
21,0,1,10,23,False,1320.0,None,None,23528.126691836962,44,36,34,55,21,None,[],Libra,{(5, datetime.date(1, 10, 28)): [1, 0.0136986301369863, 'afterbirth_passive'], (7, datetime.date(135, 9, 21)): [1, 134, 'prenatal']}
440,0,1,9,27,False,1230.0,None,None,3609.3109017244165,41,67,88,75,440,None,[],Virgo,{(8, datetime.date(1, 9, 28)): [1, 0.0027397260273972603, 'afterbirth_passive'], (7, datetime.date(1, 10, 2)): [1, 0.0136986301369863, 'afterbirth_passive'], (5, datetime.date(1, 10, 28)): [1, 0.08493150684931507, 'afterbirth_passive']}
457,1,1,8,25,False,1470.0,None,None,9263.897981092668,49,16,60,50,457,100,[],Virgo,{(7, datetime.date(1, 8, 25)): [1, 0.0, 'afterbirth_passive'], (8, datetime.date(1, 10, 6)): [1, 0.11506849315068493, 'afterbirth_passive'], (5, datetime.date(1, 10, 11)): [1, 0.13150684931506848, 'afterbirth_passive'], (5, datetime.date(1, 10, 28)): [1, 0.17534246575342466, 'afterbirth_passive']}
604,0,1,7,5,False,2790.0,None,None,11327.563754380377,93,93,8,58,604,817,[],Cancer,{(7, datetime.date(1, 8, 28)): [1, 0.14794520547945206, 'afterbirth_passive'], (5, datetime.date(1, 10, 28)): [1, 0.3150684931506849, 'afterbirth_passive']}
742,1,1,10,1,False,570.0,None,None,41771.73986377219,19,47,1,70,742,535,[],Virgo,{(5, datetime.date(1, 10, 28)): [1, 0.07397260273972603, 'afterbirth_passive'], (8, datetime.date(104, 9, 6)): [1, 103, 'prenatal']}
812,1,1,10,21,False,2070.0,None,None,18268.89837248517,69,22,90,44,812,None,[],Libra,{(5, datetime.date(1, 10, 28)): [1, 0.019178082191780823, 'afterbirth_passive'], (8, datetime.date(38, 10, 12)): [1, 37, 'prenatal'], (9, datetime.date(60, 7, 12)): [1, 58.76528126820895, 'prenatal']}
196,1,1,7,31,False,2850.0,None,None,63179.75654395549,95,40,85,53,196,366,[],Leo,{(7, datetime.date(1, 9, 5)): [1, 0.09863013698630137, 'afterbirth_passive'], (8, datetime.date(1, 9, 11)): [1, 0.11506849315068493, 'afterbirth_passive'], (7, datetime.date(1, 9, 21)): [1, 0.14246575342465753, 'afterbirth_passive'], (7, datetime.date(1, 10, 8)): [1, 0.18904109589041096, 'afterbirth_passive'], (7, datetime.date(1, 10, 18)): [1, 0.21643835616438356, 'afterbirth_passive'], (5, datetime.date(1, 10, 29)): [1, 0.2465753424657534, 'afterbirth_passive']}
470,0,1,8,28,False,1860.0,None,None,37855.63925154358,62,29,59,20,470,68,[],Virgo,{(5, datetime.date(1, 10, 29)): [1, 0.16986301369863013, 'afterbirth_passive']}
587,1,1,10,10,False,1050.0,None,None,17964.416732943755,35,53,96,51,587,270,[],Libra,{(5, datetime.date(1, 10, 12)): [1, 0.00821917808219178, 'afterbirth_passive'], (5, datetime.date(1, 10, 29)): [1, 0.052054794520547946, 'afterbirth_passive']}
876,1,1,7,20,False,1950.0,None,None,35737.0100329764,65,69,77,2,876,503,[],Leo,{(7, datetime.date(1, 7, 30)): [1, 0.0273972602739726, 'afterbirth_passive'], (8, datetime.date(1, 8, 26)): [1, 0.10136986301369863, 'afterbirth_passive'], (7, datetime.date(1, 9, 29)): [1, 0.19452054794520549, 'afterbirth_passive'], (8, datetime.date(1, 10, 15)): [1, 0.23835616438356164, 'afterbirth_passive'], (8, datetime.date(1, 10, 16)): [1, 0.2410958904109589, 'afterbirth_passive'], (5, datetime.date(1, 10, 30)): [1, 0.27945205479452057, 'afterbirth_passive'], (7, datetime.date(19, 7, 16)): [1, 18, 'prenatal']}
911,1,1,9,13,False,2550.0,None,None,16928.355616878318,85,84,35,48,911,None,[],Virgo,{(8, datetime.date(1, 10, 6)): [1, 0.06301369863013699, 'afterbirth_passive'], (8, datetime.date(1, 10, 22)): [1, 0.10684931506849316, 'afterbirth_passive'], (5, datetime.date(1, 10, 30)): [1, 0.12876712328767123, 'afterbirth_passive']}
919,0,1,9,24,False,2820.0,None,None,5860.833416609649,94,81,30,26,919,490,[],Virgo,{(5, datetime.date(1, 10, 30)): [1, 0.09863013698630137, 'afterbirth_passive'], (0, datetime.date(37, 3, 25)): [1, 35.523508138205734, 'prenatal'], (8, datetime.date(119, 8, 27)): [1, 118, 'prenatal']}
955,0,1,10,9,False,1290.0,None,None,189.05914247127882,43,96,55,90,955,159,[],Libra,{(8, datetime.date(1, 10, 11)): [1, 0.00821917808219178, 'afterbirth_passive'], (7, datetime.date(1, 10, 29)): [1, 0.0547945205479452, 'afterbirth_passive'], (5, datetime.date(1, 10, 30)): [1, 0.057534246575342465, 'afterbirth_passive']}
28,0,1,8,20,False,1650.0,None,None,426.12879595329576,55,66,87,8,28,None,[],Leo,{(7, datetime.date(1, 8, 31)): [1, 0.03287671232876712, 'afterbirth_passive'], (8, datetime.date(1, 9, 18)): [1, 0.07945205479452055, 'afterbirth_passive'], (5, datetime.date(1, 10, 31)): [1, 0.19726027397260273, 'afterbirth_passive']}
222,0,1,6,26,False,900.0,None,None,14374.744716824507,30,29,71,34,222,358,[],Cancer,{(8, datetime.date(1, 6, 26)): [1, 0.0, 'afterbirth_passive'], (8, datetime.date(1, 7, 25)): [1, 0.07945205479452055, 'afterbirth_passive'], (7, datetime.date(1, 8, 3)): [1, 0.10410958904109589, 'afterbirth_passive'], (7, datetime.date(1, 8, 17)): [1, 0.14520547945205478, 'afterbirth_passive'], (8, datetime.date(1, 8, 23)): [1, 0.1589041095890411, 'afterbirth_passive'], (7, datetime.date(1, 9, 20)): [1, 0.2356164383561644, 'afterbirth_passive'], (5, datetime.date(1, 10, 31)): [1, 0.34794520547945207, 'afterbirth_passive']}
289,1,1,7,29,False,2460.0,None,None,42171.88237561527,82,53,17,71,289,532,[],Leo,{(8, datetime.date(1, 7, 30)): [1, 0.0027397260273972603, 'afterbirth_passive'], (8, datetime.date(1, 8, 3)): [1, 0.01643835616438356, 'afterbirth_passive'], (7, datetime.date(1, 8, 28)): [1, 0.0821917808219178, 'afterbirth_passive'], (7, datetime.date(1, 8, 30)): [1, 0.08767123287671233, 'afterbirth_passive'], (8, datetime.date(1, 9, 1)): [1, 0.09315068493150686, 'afterbirth_passive'], (8, datetime.date(1, 9, 6)): [1, 0.10684931506849316, 'afterbirth_passive'], (8, datetime.date(1, 9, 19)): [1, 0.14520547945205478, 'afterbirth_passive'], (7, datetime.date(1, 10, 23)): [1, 0.2356164383561644, 'afterbirth_passive'], (8, datetime.date(1, 10, 28)): [1, 0.2493150684931507, 'afterbirth_passive'], (5, datetime.date(1, 10, 31)): [1, 0.25753424657534246, 'afterbirth_passive']}
736,1,1,9,18,False,450.0,None,None,47779.69088636632,15,5,8,11,736,242,[],Virgo,{(5, datetime.date(1, 10, 31)): [1, 0.1178082191780822, 'afterbirth_passive']}
842,1,1,10,6,False,1860.0,None,None,9790.251530571613,62,78,98,88,842,None,[],Libra,{(8, datetime.date(1, 10, 13)): [1, 0.019178082191780823, 'afterbirth_passive'], (5, datetime.date(1, 11, 1)): [1, 0.07123287671232877, 'afterbirth_passive'], (5, datetime.date(34, 8, 10)): [1, 32.86637440669745, 'prenatal']}
250,1,1,9,12,False,750.0,None,None,12288.844260633128,25,67,68,4,250,668,[],Virgo,{(8, datetime.date(1, 9, 14)): [1, 0.00821917808219178, 'afterbirth_passive'], (5, datetime.date(1, 11, 2)): [1, 0.13972602739726028, 'afterbirth_passive'], (6, datetime.date(39, 8, 22)): [1, 37.96931363780804, 'prenatal'], (5, datetime.date(41, 8, 18)): [1, 39.960190378806786, 'prenatal'], (7, datetime.date(130, 8, 12)): [1, 129, 'prenatal']}
336,0,1,9,18,False,2160.0,None,None,12893.83351654123,72,76,12,100,336,132,[],Virgo,{(8, datetime.date(1, 9, 25)): [1, 0.019178082191780823, 'afterbirth_passive'], (5, datetime.date(1, 11, 2)): [1, 0.1232876712328767, 'afterbirth_passive']}
444,1,1,9,19,False,2880.0,None,None,11621.694435089887,96,97,16,11,444,745,[],Virgo,{(8, datetime.date(1, 9, 28)): [1, 0.024657534246575342, 'afterbirth_passive'], (8, datetime.date(1, 10, 29)): [1, 0.1095890410958904, 'afterbirth_passive'], (5, datetime.date(1, 11, 2)): [1, 0.12054794520547946, 'afterbirth_passive']}
543,0,1,10,28,False,2130.0,None,None,1663.7204537472537,71,60,13,63,543,None,[],Scorpius,{(5, datetime.date(1, 11, 2)): [1, 0.0136986301369863, 'afterbirth_passive'], (0, datetime.date(37, 2, 2)): [1, 35.29180899377022, 'prenatal']}
709,0,1,10,12,False,2640.0,None,None,23910.638671548142,88,60,68,39,709,334,[],Libra,{(8, datetime.date(1, 10, 22)): [1, 0.0273972602739726, 'afterbirth_passive'], (8, datetime.date(1, 10, 27)): [1, 0.0410958904109589, 'afterbirth_passive'], (5, datetime.date(1, 11, 2)): [1, 0.057534246575342465, 'afterbirth_passive']}
797,1,1,7,16,False,2790.0,None,None,28530.660380965903,93,44,90,19,797,465,[],Leo,{(8, datetime.date(1, 8, 10)): [1, 0.0684931506849315, 'afterbirth_passive'], (8, datetime.date(1, 10, 8)): [1, 0.23013698630136986, 'afterbirth_passive'], (8, datetime.date(1, 10, 23)): [1, 0.27123287671232876, 'afterbirth_passive'], (5, datetime.date(1, 11, 2)): [1, 0.29863013698630136, 'afterbirth_passive']}
904,0,1,11,2,False,1140.0,None,None,1420.429319844319,38,76,65,45,904,None,[],Scorpius,{(5, datetime.date(1, 11, 3)): [1, 0.0027397260273972603, 'afterbirth_passive'], (0, datetime.date(30, 11, 12)): [1, 29.04861959365132, 'prenatal'], (1, datetime.date(33, 2, 25)): [1, 31.337383352057707, 'prenatal'], (7, datetime.date(121, 10, 4)): [1, 120, 'prenatal']}
206,0,1,10,10,False,1950.0,None,None,10398.252835920335,65,20,21,1,206,None,[],Libra,{(7, datetime.date(1, 10, 12)): [1, 0.00821917808219178, 'afterbirth_passive'], (5, datetime.date(1, 11, 4)): [1, 0.0684931506849315, 'afterbirth_passive']}
214,0,1,9,7,False,990.0,None,None,78626.2593226045,33,15,6,30,214,546,[],Virgo,{(5, datetime.date(1, 11, 4)): [1, 0.1589041095890411, 'afterbirth_passive']}
377,0,1,9,15,False,2010.0,None,None,4863.180746755554,67,92,8,79,377,None,[],Virgo,{(7, datetime.date(1, 9, 17)): [1, 0.005479452054794521, 'afterbirth_passive'], (8, datetime.date(1, 9, 20)): [1, 0.0136986301369863, 'afterbirth_passive'], (8, datetime.date(1, 10, 15)): [1, 0.0821917808219178, 'afterbirth_passive'], (8, datetime.date(1, 10, 18)): [1, 0.09041095890410959, 'afterbirth_passive'], (7, datetime.date(1, 10, 20)): [1, 0.0958904109589041, 'afterbirth_passive'], (7, datetime.date(1, 10, 23)): [1, 0.10410958904109589, 'afterbirth_passive'], (8, datetime.date(1, 10, 26)): [1, 0.11232876712328767, 'afterbirth_passive'], (5, datetime.date(1, 11, 5)): [1, 0.13972602739726028, 'afterbirth_passive'], (9, datetime.date(50, 3, 8)): [1, 48.50961952495859, 'prenatal']}
390,1,1,6,16,False,2280.0,None,None,13954.455305805108,76,14,69,29,390,831,[],Gemini,{(7, datetime.date(1, 6, 16)): [1, 0.0, 'afterbirth_passive'], (8, datetime.date(1, 6, 17)): [1, 0.0027397260273972603, 'afterbirth_passive'], (8, datetime.date(1, 6, 27)): [1, 0.03287671232876712, 'afterbirth_passive'], (8, datetime.date(1, 7, 4)): [1, 0.049315068493150684, 'afterbirth_passive'], (8, datetime.date(1, 8, 2)): [1, 0.12876712328767123, 'afterbirth_passive'], (7, datetime.date(1, 8, 14)): [1, 0.16164383561643836, 'afterbirth_passive'], (8, datetime.date(1, 8, 28)): [1, 0.2, 'afterbirth_passive'], (8, datetime.date(1, 9, 11)): [1, 0.23835616438356164, 'afterbirth_passive'], (5, datetime.date(1, 9, 19)): [1, 0.26301369863013696, 'afterbirth_passive'], (5, datetime.date(1, 11, 5)): [1, 0.38904109589041097, 'afterbirth_passive']}
535,1,1,8,5,False,2760.0,None,None,23579.05816608752,92,92,7,75,535,742,[],Leo,{(8, datetime.date(1, 8, 9)): [1, 0.010958904109589041, 'afterbirth_passive'], (8, datetime.date(1, 8, 25)): [1, 0.0547945205479452, 'afterbirth_passive'], (5, datetime.date(1, 10, 24)): [1, 0.2191780821917808, 'afterbirth_passive'], (8, datetime.date(1, 11, 5)): [1, 0.25205479452054796, 'afterbirth_passive'], (5, datetime.date(1, 11, 6)): [1, 0.2547945205479452, 'afterbirth_passive']}
916,1,1,8,31,False,1560.0,None,None,3593.686179206127,52,16,93,2,916,902,[],Virgo,{(7, datetime.date(1, 9, 23)): [1, 0.06575342465753424, 'afterbirth_passive'], (5, datetime.date(1, 11, 6)): [1, 0.18356164383561643, 'afterbirth_passive']}
164,1,1,10,19,False,1800.0,None,None,7368.455676902355,60,1,95,83,164,813,[],Libra,{(8, datetime.date(1, 10, 24)): [1, 0.0136986301369863, 'afterbirth_passive'], (5, datetime.date(1, 11, 7)): [1, 0.052054794520547946, 'afterbirth_passive'], (0, datetime.date(36, 1, 30)): [1, 34.30461976555304, 'prenatal'], (7, datetime.date(118, 9, 21)): [1, 117, 'prenatal']}
413,0,1,10,23,False,810.0,None,None,9726.361493511107,27,79,31,69,413,None,[],Libra,{(7, datetime.date(1, 11, 3)): [1, 0.03287671232876712, 'afterbirth_passive'], (5, datetime.date(1, 11, 8)): [1, 0.043835616438356165, 'afterbirth_passive']}
902,0,1,8,22,False,1590.0,None,None,20430.718013229263,53,4,87,48,902,916,[],Virgo,{(7, datetime.date(1, 8, 27)): [1, 0.0136986301369863, 'afterbirth_passive'], (8, datetime.date(1, 9, 17)): [1, 0.07123287671232877, 'afterbirth_passive'], (5, datetime.date(1, 11, 8)): [1, 0.2136986301369863, 'afterbirth_passive']}
671,0,1,9,27,False,90.0,None,None,7644.750541818611,3,40,1,17,671,503,[],Virgo,{(5, datetime.date(1, 11, 9)): [1, 0.1178082191780822, 'afterbirth_passive'], (1, datetime.date(22, 9, 9)): [1, 20.96700338832538, 'prenatal'], (5, datetime.date(48, 9, 21)): [1, 47.01767374600673, 'prenatal']}
585,0,1,8,19,False,1590.0,None,None,19157.984759946135,53,38,14,87,585,593,[],Leo,{(7, datetime.date(1, 8, 30)): [1, 0.03287671232876712, 'afterbirth_passive'], (7, datetime.date(1, 10, 1)): [1, 0.1178082191780822, 'afterbirth_passive'], (8, datetime.date(1, 10, 18)): [1, 0.1643835616438356, 'afterbirth_passive'], (5, datetime.date(1, 11, 10)): [1, 0.2273972602739726, 'afterbirth_passive']}
603,0,1,10,11,False,1320.0,None,None,32421.204978370362,44,69,84,100,603,None,[],Libra,{(7, datetime.date(1, 10, 19)): [1, 0.021917808219178082, 'afterbirth_passive'], (7, datetime.date(1, 10, 24)): [1, 0.03561643835616438, 'afterbirth_passive'], (7, datetime.date(1, 10, 27)): [1, 0.043835616438356165, 'afterbirth_passive'], (7, datetime.date(1, 11, 1)): [1, 0.057534246575342465, 'afterbirth_passive'], (5, datetime.date(1, 11, 10)): [1, 0.0821917808219178, 'afterbirth_passive']}
784,0,1,9,27,False,2730.0,None,None,7858.395936574678,91,88,68,28,784,None,[],Virgo,{(7, datetime.date(1, 11, 4)): [1, 0.10410958904109589, 'afterbirth_passive'], (7, datetime.date(1, 11, 5)): [1, 0.10684931506849316, 'afterbirth_passive'], (8, datetime.date(1, 11, 9)): [1, 0.1178082191780822, 'afterbirth_passive'], (5, datetime.date(1, 11, 10)): [1, 0.12054794520547946, 'afterbirth_passive'], (8, datetime.date(18, 9, 23)): [1, 17, 'prenatal'], (6, datetime.date(35, 6, 8)): [1, 33.717902324987364, 'prenatal'], (7, datetime.date(100, 9, 3)): [1, 99, 'prenatal']}
950,1,1,10,31,False,2940.0,None,None,7307.559348994068,98,48,29,97,950,435,[],Scorpius,{(7, datetime.date(1, 11, 9)): [1, 0.024657534246575342, 'afterbirth_passive'], (5, datetime.date(1, 11, 10)): [1, 0.0273972602739726, 'afterbirth_passive'], (7, datetime.date(15, 10, 28)): [1, 14, 'prenatal']}
27,1,1,11,4,False,2310.0,None,None,25513.98883724724,77,61,100,25,27,None,[],Ophiuchus,{(5, datetime.date(1, 11, 11)): [1, 0.019178082191780823, 'afterbirth_passive'], (0, datetime.date(28, 8, 12)): [1, 26.791539153552666, 'prenatal'], (8, datetime.date(118, 10, 7)): [1, 117, 'prenatal']}
160,0,1,10,28,False,1650.0,None,None,14000.065786114466,55,92,40,97,160,402,[],Scorpius,{(5, datetime.date(1, 11, 11)): [1, 0.038356164383561646, 'afterbirth_passive'], (5, datetime.date(53, 7, 17)): [1, 51.75499975772631, 'prenatal'], (8, datetime.date(141, 9, 24)): [1, 140, 'prenatal']}
207,0,1,6,16,False,90.0,None,None,33011.422794216734,3,18,27,87,207,398,[],Gemini,{(8, datetime.date(1, 6, 18)): [1, 0.00821917808219178, 'afterbirth_passive'], (8, datetime.date(1, 7, 8)): [1, 0.06027397260273973, 'afterbirth_passive'], (8, datetime.date(1, 7, 11)): [1, 0.0684931506849315, 'afterbirth_passive'], (7, datetime.date(1, 7, 16)): [1, 0.0821917808219178, 'afterbirth_passive'], (7, datetime.date(1, 10, 12)): [1, 0.3232876712328767, 'afterbirth_passive'], (8, datetime.date(1, 10, 17)): [1, 0.336986301369863, 'afterbirth_passive'], (5, datetime.date(1, 11, 11)): [1, 0.4054794520547945, 'afterbirth_passive']}
625,1,1,11,2,False,2400.0,None,None,1601.3309367317331,80,77,24,35,625,270,[],Scorpius,{(5, datetime.date(1, 11, 11)): [1, 0.024657534246575342, 'afterbirth_passive']}
899,1,1,5,19,False,1410.0,None,None,6317.9756543955455,47,96,24,83,899,747,[],Taurus,{(5, datetime.date(1, 7, 10)): [1, 0.14520547945205478, 'afterbirth_passive'], (7, datetime.date(1, 7, 26)): [1, 0.1863013698630137, 'afterbirth_passive'], (8, datetime.date(1, 8, 17)): [1, 0.2465753424657534, 'afterbirth_passive'], (7, datetime.date(1, 9, 9)): [1, 0.3095890410958904, 'afterbirth_passive'], (8, datetime.date(1, 9, 20)): [1, 0.33972602739726027, 'afterbirth_passive'], (8, datetime.date(1, 10, 13)): [1, 0.40273972602739727, 'afterbirth_passive'], (7, datetime.date(1, 10, 19)): [1, 0.4191780821917808, 'afterbirth_passive'], (7, datetime.date(1, 10, 21)): [1, 0.4246575342465753, 'afterbirth_passive'], (8, datetime.date(1, 10, 25)): [1, 0.43561643835616437, 'afterbirth_passive'], (5, datetime.date(1, 11, 12)): [1, 0.4849315068493151, 'afterbirth_passive']}
270,1,1,5,30,False,510.0,None,None,36194.263234234466,17,30,40,97,270,625,[],Gemini,{(8, datetime.date(1, 6, 1)): [1, 0.005479452054794521, 'afterbirth_passive'], (7, datetime.date(1, 6, 26)): [1, 0.07397260273972603, 'afterbirth_passive'], (7, datetime.date(1, 7, 21)): [1, 0.14520547945205478, 'afterbirth_passive'], (8, datetime.date(1, 8, 11)): [1, 0.2, 'afterbirth_passive'], (8, datetime.date(1, 10, 6)): [1, 0.35342465753424657, 'afterbirth_passive'], (7, datetime.date(1, 10, 16)): [1, 0.38082191780821917, 'afterbirth_passive'], (5, datetime.date(1, 11, 13)): [1, 0.4575342465753425, 'afterbirth_passive']}
447,0,1,11,9,False,30.0,None,None,4019.157641946738,1,35,40,11,447,None,[],Ophiuchus,{(5, datetime.date(1, 11, 13)): [1, 0.010958904109589041, 'afterbirth_passive']}
522,1,1,9,9,False,1140.0,None,None,11874.783942115368,38,30,72,20,522,None,[],Virgo,{(7, datetime.date(1, 9, 29)): [1, 0.0547945205479452, 'afterbirth_passive'], (8, datetime.date(1, 10, 6)): [1, 0.07397260273972603, 'afterbirth_passive'], (8, datetime.date(1, 10, 11)): [1, 0.08767123287671233, 'afterbirth_passive'], (8, datetime.date(1, 10, 24)): [1, 0.1232876712328767, 'afterbirth_passive'], (8, datetime.date(1, 10, 31)): [1, 0.14520547945205478, 'afterbirth_passive'], (7, datetime.date(1, 11, 4)): [1, 0.15342465753424658, 'afterbirth_passive'], (7, datetime.date(1, 11, 12)): [1, 0.17534246575342466, 'afterbirth_passive'], (5, datetime.date(1, 11, 13)): [1, 0.1780821917808219, 'afterbirth_passive'], (5, datetime.date(41, 7, 17)): [1, 39.8816713467181, 'prenatal'], (6, datetime.date(44, 1, 7)): [1, 42.35861398660505, 'prenatal'], (7, datetime.date(71, 8, 23)): [1, 70, 'prenatal']}
358,0,1,9,20,False,1740.0,None,None,21397.99528572444,58,41,63,100,358,222,[],Virgo,{(8, datetime.date(1, 9, 24)): [1, 0.010958904109589041, 'afterbirth_passive'], (7, datetime.date(1, 11, 1)): [1, 0.11506849315068493, 'afterbirth_passive'], (5, datetime.date(1, 11, 14)): [1, 0.1506849315068493, 'afterbirth_passive']}
402,0,1,10,8,False,1770.0,None,None,8915.83136905185,59,52,92,73,402,160,[],Libra,{(8, datetime.date(1, 10, 19)): [1, 0.030136986301369864, 'afterbirth_passive'], (7, datetime.date(1, 10, 22)): [1, 0.038356164383561646, 'afterbirth_passive'], (8, datetime.date(1, 10, 31)): [1, 0.06301369863013699, 'afterbirth_passive'], (8, datetime.date(1, 11, 5)): [1, 0.07671232876712329, 'afterbirth_passive'], (5, datetime.date(1, 11, 14)): [1, 0.10136986301369863, 'afterbirth_passive']}
822,0,1,9,26,False,1170.0,None,None,17385.871169651113,39,53,1,90,822,None,[],Virgo,{(5, datetime.date(1, 11, 14)): [1, 0.13424657534246576, 'afterbirth_passive'], (7, datetime.date(71, 9, 9)): [1, 70, 'prenatal'], (8, datetime.date(94, 9, 3)): [1, 93, 'prenatal']}
180,1,1,10,16,False,1110.0,None,None,18421.139192255872,37,92,60,1,180,207,[],Libra,{(5, datetime.date(1, 11, 15)): [1, 0.0821917808219178, 'afterbirth_passive'], (1, datetime.date(23, 7, 20)): [1, 21.775193045792843, 'prenatal']}
253,1,1,9,9,False,2490.0,None,None,2431.590373377777,83,13,89,49,253,430,[],Virgo,{(8, datetime.date(1, 9, 28)): [1, 0.052054794520547946, 'afterbirth_passive'], (8, datetime.date(1, 9, 29)): [1, 0.0547945205479452, 'afterbirth_passive'], (8, datetime.date(1, 10, 2)): [1, 0.06575342465753424, 'afterbirth_passive'], (8, datetime.date(1, 11, 10)): [1, 0.16986301369863013, 'afterbirth_passive'], (5, datetime.date(1, 11, 15)): [1, 0.18356164383561643, 'afterbirth_passive'], (0, datetime.date(39, 6, 21)): [1, 37.80636476624031, 'prenatal']}
62,1,1,10,25,False,570.0,None,None,26061.649574381638,19,39,45,91,62,None,[],Libra,{(5, datetime.date(1, 11, 16)): [1, 0.06027397260273973, 'afterbirth_passive'], (9, datetime.date(47, 12, 7)): [1, 46.14872073055018, 'prenatal']}
179,1,1,8,26,False,450.0,None,None,368.4227838451175,15,52,51,57,179,607,[],Virgo,{(5, datetime.date(1, 11, 16)): [1, 0.22465753424657534, 'afterbirth_passive']}
260,1,1,11,3,False,1980.0,None,None,18927.81962577179,66,17,21,25,260,None,[],Scorpius,{(8, datetime.date(1, 11, 13)): [1, 0.0273972602739726, 'afterbirth_passive'], (5, datetime.date(1, 11, 16)): [1, 0.03561643835616438, 'afterbirth_passive'], (0, datetime.date(37, 4, 29)): [1, 35.51220295594664, 'prenatal'], (8, datetime.date(114, 10, 7)): [1, 113, 'prenatal']}
16,0,1,10,26,False,1980.0,None,None,29868.035086323704,66,17,96,93,16,None,[],Libra,{(5, datetime.date(1, 11, 17)): [1, 0.06027397260273973, 'afterbirth_passive']}
701,1,1,8,15,False,2190.0,None,None,115455.28482209065,73,32,37,8,701,677,[],Leo,{(8, datetime.date(1, 9, 16)): [1, 0.08767123287671233, 'afterbirth_passive'], (8, datetime.date(1, 9, 23)): [1, 0.10684931506849316, 'afterbirth_passive'], (8, datetime.date(1, 10, 11)): [1, 0.15616438356164383, 'afterbirth_passive'], (7, datetime.date(1, 10, 18)): [1, 0.17534246575342466, 'afterbirth_passive'], (5, datetime.date(1, 11, 17)): [1, 0.25753424657534246, 'afterbirth_passive']}
717,0,1,9,15,False,1410.0,None,None,63500.40665214986,47,97,50,47,717,None,[],Virgo,{(5, datetime.date(1, 11, 17)): [1, 0.1726027397260274, 'afterbirth_passive']}
296,1,1,10,26,False,2040.0,None,None,16499.706979311613,68,33,67,69,296,None,[],Libra,{(5, datetime.date(1, 10, 28)): [1, 0.00821917808219178, 'afterbirth_passive'], (7, datetime.date(1, 11, 3)): [1, 0.021917808219178082, 'afterbirth_passive'], (5, datetime.date(1, 11, 18)): [1, 0.06301369863013699, 'afterbirth_passive'], (9, datetime.date(48, 11, 26)): [1, 47.11860814087927, 'prenatal']}
398,1,1,9,20,False,810.0,None,None,22105.36703070706,27,37,72,99,398,207,[],Virgo,{(5, datetime.date(1, 11, 18)): [1, 0.16164383561643836, 'afterbirth_passive']}
482,0,1,11,2,False,810.0,None,None,717.9517789085846,27,29,65,20,482,None,[],Scorpius,{(5, datetime.date(1, 11, 18)): [1, 0.043835616438356165, 'afterbirth_passive'], (5, datetime.date(69, 12, 8)): [1, 68.1474653076615, 'prenatal']}
708,1,1,10,30,False,90.0,None,None,6263.187325367002,3,70,53,96,708,681,[],Scorpius,{(5, datetime.date(1, 11, 19)): [1, 0.0547945205479452, 'afterbirth_passive'], (7, datetime.date(10, 10, 28)): [1, 9, 'prenatal'], (6, datetime.date(42, 5, 6)): [1, 40.544012422801714, 'prenatal']}
907,0,1,11,17,False,1200.0,None,None,21770.437227211492,40,85,100,74,907,None,[],Ophiuchus,{(5, datetime.date(1, 11, 19)): [1, 0.005479452054794521, 'afterbirth_passive'], (0, datetime.date(33, 9, 22)): [1, 31.87034795818434, 'prenatal'], (1, datetime.date(35, 2, 2)): [1, 33.233399649850746, 'prenatal'], (7, datetime.date(137, 10, 15)): [1, 136, 'prenatal']}
202,0,1,10,30,False,1200.0,None,None,28368.55435607408,40,5,98,27,202,None,[],Scorpius,{(7, datetime.date(1, 11, 14)): [1, 0.0410958904109589, 'afterbirth_passive'], (8, datetime.date(1, 11, 17)): [1, 0.049315068493150684, 'afterbirth_passive'], (5, datetime.date(1, 11, 20)): [1, 0.057534246575342465, 'afterbirth_passive'], (1, datetime.date(36, 12, 21)): [1, 35.16857825087624, 'prenatal'], (8, datetime.date(54, 10, 17)): [1, 53, 'prenatal']}
694,1,1,9,30,False,1980.0,None,None,5165.197526706615,66,58,10,66,694,None,[],Virgo,{(8, datetime.date(1, 11, 3)): [1, 0.09315068493150686, 'afterbirth_passive'], (5, datetime.date(1, 11, 20)): [1, 0.13972602739726028, 'afterbirth_passive']}
114,0,1,9,15,False,2190.0,None,None,11874.783942115368,73,76,38,92,114,532,[],Virgo,{(7, datetime.date(1, 9, 20)): [1, 0.01643835616438356, 'afterbirth_passive'], (8, datetime.date(1, 10, 2)): [1, 0.04657534246575343, 'afterbirth_passive'], (5, datetime.date(1, 11, 21)): [1, 0.18356164383561643, 'afterbirth_passive']}
217,1,1,11,7,False,1380.0,None,None,3474.8866099175502,46,57,34,91,217,None,[],Ophiuchus,{(3, datetime.date(1, 11, 7)): [1, 0.0, 'afterbirth_passive'], (5, datetime.date(1, 11, 21)): [1, 0.038356164383561646, 'afterbirth_passive'], (0, datetime.date(28, 12, 10)): [1, 27.110819588956286, 'prenatal']}
475,0,1,11,7,False,570.0,None,None,5104.596846724532,19,79,48,73,475,None,[],Ophiuchus,{(5, datetime.date(1, 11, 21)): [1, 0.038356164383561646, 'afterbirth_passive'], (8, datetime.date(42, 10, 28)): [1, 41, 'prenatal']}
284,1,1,9,23,False,720.0,None,None,112662.01180220126,24,95,93,31,284,None,[],Virgo,{(7, datetime.date(1, 9, 23)): [1, 0.0, 'afterbirth_passive'], (7, datetime.date(1, 10, 1)): [1, 0.021917808219178082, 'afterbirth_passive'], (8, datetime.date(1, 10, 11)): [1, 0.049315068493150684, 'afterbirth_passive'], (7, datetime.date(1, 11, 18)): [1, 0.15342465753424658, 'afterbirth_passive'], (5, datetime.date(1, 11, 22)): [1, 0.1643835616438356, 'afterbirth_passive']}
338,0,1,10,19,False,1890.0,None,None,22842.212598397306,63,69,29,37,338,None,[],Libra,{(8, datetime.date(1, 11, 14)): [1, 0.07123287671232877, 'afterbirth_passive'], (5, datetime.date(1, 11, 22)): [1, 0.09315068493150686, 'afterbirth_passive'], (9, datetime.date(52, 12, 28)): [1, 51.229918321252114, 'prenatal'], (8, datetime.date(70, 10, 2)): [1, 69, 'prenatal']}
503,0,1,9,28,False,60.0,None,None,42424.42329914364,2,85,59,87,503,270,[],Virgo,{(7, datetime.date(1, 10, 7)): [1, 0.024657534246575342, 'afterbirth_passive'], (7, datetime.date(1, 10, 12)): [1, 0.038356164383561646, 'afterbirth_passive'], (8, datetime.date(1, 11, 5)): [1, 0.10410958904109589, 'afterbirth_passive'], (7, datetime.date(1, 11, 6)): [1, 0.10684931506849316, 'afterbirth_passive'], (5, datetime.date(1, 11, 22)): [1, 0.1506849315068493, 'afterbirth_passive']}
106,1,1,10,16,False,1410.0,None,None,18789.56197610101,47,89,61,74,106,None,[],Libra,{(7, datetime.date(1, 10, 27)): [1, 0.030136986301369864, 'afterbirth_passive'], (7, datetime.date(1, 11, 1)): [1, 0.043835616438356165, 'afterbirth_passive'], (8, datetime.date(1, 11, 2)): [1, 0.04657534246575343, 'afterbirth_passive'], (7, datetime.date(1, 11, 8)): [1, 0.06575342465753424, 'afterbirth_passive'], (5, datetime.date(1, 11, 23)): [1, 0.10410958904109589, 'afterbirth_passive']}
159,0,1,9,8,False,2430.0,None,None,16054.48644854758,81,8,95,29,159,585,[],Virgo,{(8, datetime.date(1, 10, 20)): [1, 0.11506849315068493, 'afterbirth_passive'], (5, datetime.date(1, 11, 23)): [1, 0.20821917808219179, 'afterbirth_passive'], (6, datetime.date(30, 6, 9)): [1, 28.77018034284898, 'prenatal'], (9, datetime.date(36, 10, 14)): [1, 35.124868771606884, 'prenatal']}
412,0,1,11,6,False,1140.0,None,None,52992.020801242696,38,13,70,40,412,476,[],Ophiuchus,{(7, datetime.date(1, 11, 22)): [1, 0.043835616438356165, 'afterbirth_passive'], (5, datetime.date(1, 11, 23)): [1, 0.04657534246575343, 'afterbirth_passive'], (6, datetime.date(46, 7, 25)): [1, 44.74628969192662, 'prenatal']}
801,1,1,11,12,False,1170.0,None,None,2543.7907427901437,39,86,23,32,801,808,[],Ophiuchus,{(5, datetime.date(1, 11, 23)): [1, 0.030136986301369864, 'afterbirth_passive']}
455,1,1,11,23,False,1080.0,None,None,20595.570462509775,36,78,25,84,455,None,[],Sagittarius,{(5, datetime.date(1, 11, 24)): [1, 0.0027397260273972603, 'afterbirth_passive'], (8, datetime.date(21, 11, 18)): [1, 20, 'prenatal']}
492,1,1,11,16,False,450.0,None,None,8915.83136905185,15,58,7,31,492,111,[],Ophiuchus,{(5, datetime.date(1, 11, 24)): [1, 0.021917808219178082, 'afterbirth_passive']}
508,0,1,11,16,False,1590.0,None,None,106144.37475579303,53,78,95,96,508,569,[],Ophiuchus,{(5, datetime.date(1, 11, 24)): [1, 0.021917808219178082, 'afterbirth_passive'], (0, datetime.date(29, 11, 18)): [1, 28.027033834180962, 'prenatal'], (7, datetime.date(105, 10, 22)): [1, 104, 'prenatal']}
920,1,1,7,22,False,810.0,None,None,13085.161368722167,27,56,96,49,920,30,[],Leo,{(8, datetime.date(1, 8, 20)): [1, 0.07945205479452055, 'afterbirth_passive'], (8, datetime.date(1, 8, 31)): [1, 0.1095890410958904, 'afterbirth_passive'], (8, datetime.date(1, 9, 2)): [1, 0.11506849315068493, 'afterbirth_passive'], (8, datetime.date(1, 9, 10)): [1, 0.136986301369863, 'afterbirth_passive'], (7, datetime.date(1, 10, 2)): [1, 0.19726027397260273, 'afterbirth_passive'], (7, datetime.date(1, 10, 14)): [1, 0.23013698630136986, 'afterbirth_passive'], (7, datetime.date(1, 10, 17)): [1, 0.23835616438356164, 'afterbirth_passive'], (8, datetime.date(1, 11, 10)): [1, 0.3041095890410959, 'afterbirth_passive'], (5, datetime.date(1, 11, 24)): [1, 0.3424657534246575, 'afterbirth_passive']}
647,0,1,11,11,False,1470.0,None,None,20952.203717271852,49,20,11,74,647,692,[],Ophiuchus,{(8, datetime.date(1, 11, 18)): [1, 0.019178082191780823, 'afterbirth_passive'], (5, datetime.date(1, 11, 25)): [1, 0.038356164383561646, 'afterbirth_passive'], (6, datetime.date(26, 5, 22)): [1, 24.543454491242578, 'prenatal'], (0, datetime.date(41, 1, 2)): [1, 39.172290544348115, 'prenatal'], (9, datetime.date(42, 5, 3)): [1, 40.50363303319946, 'prenatal']}
656,1,1,10,26,False,2640.0,None,None,348371.1295249217,88,20,83,54,656,769,[],Libra,{(8, datetime.date(1, 11, 15)): [1, 0.0547945205479452, 'afterbirth_passive'], (8, datetime.date(1, 11, 22)): [1, 0.07397260273972603, 'afterbirth_passive'], (5, datetime.date(1, 11, 25)): [1, 0.0821917808219178, 'afterbirth_passive'], (7, datetime.date(107, 10, 1)): [1, 106, 'prenatal'], (8, datetime.date(136, 9, 23)): [1, 135, 'prenatal']}
437,0,1,9,11,False,2730.0,None,None,58088.825748058254,91,56,94,58,437,None,[],Virgo,{(7, datetime.date(1, 10, 7)): [1, 0.07123287671232877, 'afterbirth_passive'], (5, datetime.date(1, 10, 12)): [1, 0.08493150684931507, 'afterbirth_passive'], (8, datetime.date(1, 10, 30)): [1, 0.13424657534246576, 'afterbirth_passive'], (7, datetime.date(1, 11, 18)): [1, 0.1863013698630137, 'afterbirth_passive'], (5, datetime.date(1, 11, 26)): [1, 0.20821917808219179, 'afterbirth_passive'], (0, datetime.date(32, 9, 13)): [1, 31.030091704079375, 'prenatal']}
113,1,1,8,12,False,2190.0,None,None,955.5938177273264,73,43,29,86,113,496,[],Leo,{(8, datetime.date(1, 8, 20)): [1, 0.021917808219178082, 'afterbirth_passive'], (7, datetime.date(1, 9, 15)): [1, 0.09315068493150686, 'afterbirth_passive'], (7, datetime.date(1, 9, 19)): [1, 0.10410958904109589, 'afterbirth_passive'], (7, datetime.date(1, 11, 7)): [1, 0.23835616438356164, 'afterbirth_passive'], (5, datetime.date(1, 11, 27)): [1, 0.29315068493150687, 'afterbirth_passive']}
628,0,1,11,1,False,2760.0,None,None,16721.641732656753,92,19,97,57,628,146,[],Scorpius,{(7, datetime.date(1, 11, 15)): [1, 0.038356164383561646, 'afterbirth_passive'], (8, datetime.date(1, 11, 24)): [1, 0.06575342465753424, 'afterbirth_passive'], (5, datetime.date(1, 11, 27)): [1, 0.07123287671232877, 'afterbirth_passive']}
689,1,1,8,3,False,1230.0,None,None,33531.78706405191,41,23,34,83,689,763,[],Leo,{(8, datetime.date(1, 9, 2)): [1, 0.0821917808219178, 'afterbirth_passive'], (8, datetime.date(1, 9, 5)): [1, 0.09041095890410959, 'afterbirth_passive'], (8, datetime.date(1, 10, 11)): [1, 0.18904109589041096, 'afterbirth_passive'], (8, datetime.date(1, 11, 16)): [1, 0.2876712328767123, 'afterbirth_passive'], (5, datetime.date(1, 11, 27)): [1, 0.3178082191780822, 'afterbirth_passive']}
243,0,1,7,15,False,570.0,None,None,17614.64030404907,19,22,26,95,243,670,[],Cancer,{(7, datetime.date(1, 9, 11)): [1, 0.1589041095890411, 'afterbirth_passive'], (8, datetime.date(1, 9, 25)): [1, 0.19726027397260273, 'afterbirth_passive'], (7, datetime.date(1, 9, 29)): [1, 0.20821917808219179, 'afterbirth_passive'], (8, datetime.date(1, 9, 30)): [1, 0.21095890410958903, 'afterbirth_passive'], (8, datetime.date(1, 10, 28)): [1, 0.2876712328767123, 'afterbirth_passive'], (8, datetime.date(1, 11, 17)): [1, 0.3424657534246575, 'afterbirth_passive'], (5, datetime.date(1, 11, 28)): [1, 0.3726027397260274, 'afterbirth_passive']}
215,1,1,10,30,False,2340.0,None,None,26019.340106266758,78,6,73,92,215,None,[],Scorpius,{(8, datetime.date(1, 11, 1)): [1, 0.005479452054794521, 'afterbirth_passive'], (8, datetime.date(1, 11, 10)): [1, 0.030136986301369864, 'afterbirth_passive'], (5, datetime.date(1, 11, 29)): [1, 0.0821917808219178, 'afterbirth_passive'], (9, datetime.date(28, 12, 2)): [1, 27.112100564430705, 'prenatal'], (5, datetime.date(53, 2, 9)): [1, 51.315732637910486, 'prenatal']}
418,1,1,9,12,False,2550.0,None,None,23528.126691836962,85,96,97,18,418,None,[],Virgo,{(7, datetime.date(1, 9, 23)): [1, 0.030136986301369864, 'afterbirth_passive'], (5, datetime.date(1, 9, 23)): [1, 0.03287671232876712, 'afterbirth_passive'], (8, datetime.date(1, 10, 10)): [1, 0.07671232876712329, 'afterbirth_passive'], (5, datetime.date(1, 11, 29)): [1, 0.2136986301369863, 'afterbirth_passive']}
514,0,1,9,27,False,900.0,None,None,121041.83086186914,30,42,39,23,514,300,[],Virgo,{(7, datetime.date(1, 10, 5)): [1, 0.021917808219178082, 'afterbirth_passive'], (5, datetime.date(1, 11, 13)): [1, 0.13150684931506848, 'afterbirth_passive'], (5, datetime.date(1, 11, 29)): [1, 0.1726027397260274, 'afterbirth_passive']}
577,0,1,11,25,False,60.0,None,None,3653.779674497034,2,94,99,23,577,None,[],Sagittarius,{(5, datetime.date(1, 11, 29)): [1, 0.010958904109589041, 'afterbirth_passive'], (1, datetime.date(22, 8, 20)): [1, 20.748990246940394, 'prenatal'], (8, datetime.date(37, 11, 16)): [1, 36, 'prenatal']}
674,0,1,11,20,False,2670.0,None,None,21085.941187807635,89,50,40,65,674,734,[],Ophiuchus,{(7, datetime.date(1, 11, 25)): [1, 0.0136986301369863, 'afterbirth_passive'], (5, datetime.date(1, 11, 29)): [1, 0.024657534246575342, 'afterbirth_passive'], (7, datetime.date(59, 11, 6)): [1, 58, 'prenatal'], (8, datetime.date(136, 10, 18)): [1, 135, 'prenatal']}
793,0,1,11,9,False,1320.0,None,None,37892.28331847036,44,82,75,86,793,349,[],Ophiuchus,{(7, datetime.date(1, 11, 27)): [1, 0.049315068493150684, 'afterbirth_passive'], (5, datetime.date(1, 11, 30)): [1, 0.057534246575342465, 'afterbirth_passive']}
20,1,1,9,30,False,90.0,None,None,29105.399923764293,3,13,85,78,20,607,[],Virgo,{(8, datetime.date(1, 11, 28)): [1, 0.16164383561643836, 'afterbirth_passive'], (5, datetime.date(1, 12, 1)): [1, 0.16986301369863013, 'afterbirth_passive']}
98,0,1,10,16,False,2370.0,None,None,27951.13134197756,79,91,78,60,98,None,[],Libra,{(5, datetime.date(1, 10, 27)): [1, 0.03287671232876712, 'afterbirth_passive'], (5, datetime.date(1, 12, 1)): [1, 0.12602739726027398, 'afterbirth_passive'], (8, datetime.date(3, 10, 16)): [1, 2, 'prenatal'], (7, datetime.date(59, 10, 2)): [1, 58, 'prenatal']}
169,0,1,12,1,False,1110.0,None,None,78184.94872314495,37,64,70,31,169,None,[],Sagittarius,{(5, datetime.date(1, 12, 1)): [1, 0.0, 'afterbirth_passive'], (7, datetime.date(26, 11, 25)): [1, 25, 'prenatal'], (8, datetime.date(99, 11, 7)): [1, 98, 'prenatal']}
107,1,1,10,8,False,570.0,None,None,8077.981541954645,19,33,96,95,107,139,[],Libra,{(5, datetime.date(1, 10, 19)): [1, 0.03287671232876712, 'afterbirth_passive'], (7, datetime.date(1, 10, 24)): [1, 0.043835616438356165, 'afterbirth_passive'], (5, datetime.date(1, 12, 2)): [1, 0.1506849315068493, 'afterbirth_passive'], (7, datetime.date(61, 9, 23)): [1, 60, 'prenatal']}
725,0,1,7,13,False,30.0,None,None,96833.46468949545,1,84,19,100,725,335,[],Cancer,{(8, datetime.date(1, 9, 14)): [1, 0.1726027397260274, 'afterbirth_passive'], (8, datetime.date(1, 9, 19)): [1, 0.1863013698630137, 'afterbirth_passive'], (8, datetime.date(1, 9, 25)): [1, 0.20273972602739726, 'afterbirth_passive'], (8, datetime.date(1, 9, 30)): [1, 0.21643835616438356, 'afterbirth_passive'], (8, datetime.date(1, 11, 10)): [1, 0.3287671232876712, 'afterbirth_passive'], (5, datetime.date(1, 12, 2)): [1, 0.38904109589041097, 'afterbirth_passive']}
396,1,1,11,22,False,2130.0,None,None,122904.01287512871,71,80,29,55,396,780,[],Ophiuchus,{(5, datetime.date(1, 12, 3)): [1, 0.030136986301369864, 'afterbirth_passive'], (6, datetime.date(28, 7, 13)): [1, 26.660141723362575, 'prenatal']}
472,0,1,11,19,False,1830.0,None,None,4863.180746755554,61,44,8,30,472,None,[],Ophiuchus,{(5, datetime.date(1, 12, 3)): [1, 0.038356164383561646, 'afterbirth_passive'], (5, datetime.date(41, 8, 25)): [1, 39.793825545265506, 'prenatal'], (8, datetime.date(82, 10, 30)): [1, 81, 'prenatal']}
181,0,1,10,23,False,420.0,None,None,3774.5657794390845,14,22,7,70,181,430,[],Libra,{(7, datetime.date(1, 10, 24)): [1, 0.0027397260273972603, 'afterbirth_passive'], (7, datetime.date(1, 10, 25)): [1, 0.005479452054794521, 'afterbirth_passive'], (8, datetime.date(1, 10, 27)): [1, 0.010958904109589041, 'afterbirth_passive'], (7, datetime.date(1, 11, 25)): [1, 0.09041095890410959, 'afterbirth_passive'], (5, datetime.date(1, 12, 4)): [1, 0.11506849315068493, 'afterbirth_passive']}
403,1,1,11,13,False,2100.0,None,None,13423.199115460806,70,83,97,66,403,None,[],Ophiuchus,{(7, datetime.date(1, 11, 15)): [1, 0.005479452054794521, 'afterbirth_passive'], (7, datetime.date(1, 12, 1)): [1, 0.049315068493150684, 'afterbirth_passive'], (5, datetime.date(1, 12, 4)): [1, 0.057534246575342465, 'afterbirth_passive'], (0, datetime.date(29, 4, 25)): [1, 27.468032124986934, 'prenatal']}
684,1,1,12,4,False,1080.0,None,None,14615.118697988137,36,86,65,59,684,None,[],Sagittarius,{(5, datetime.date(1, 12, 4)): [1, 0.0, 'afterbirth_passive'], (5, datetime.date(53, 11, 6)): [1, 51.959863901614256, 'prenatal']}
170,1,1,11,2,False,960.0,None,None,129049.21351888512,32,58,17,59,170,563,[],Scorpius,{(8, datetime.date(1, 11, 7)): [1, 0.01643835616438356, 'afterbirth_passive'], (5, datetime.date(1, 12, 5)): [1, 0.09041095890410959, 'afterbirth_passive']}
188,1,1,11,17,False,390.0,None,None,24315.90373377777,13,91,37,52,188,None,[],Ophiuchus,{(5, datetime.date(1, 12, 5)): [1, 0.049315068493150684, 'afterbirth_passive']}
261,1,1,10,14,False,90.0,None,None,12179.265581656782,3,93,37,46,261,None,[],Libra,{(7, datetime.date(1, 11, 5)): [1, 0.06027397260273973, 'afterbirth_passive'], (7, datetime.date(1, 11, 15)): [1, 0.08767123287671233, 'afterbirth_passive'], (7, datetime.date(1, 11, 26)): [1, 0.1178082191780822, 'afterbirth_passive'], (5, datetime.date(1, 12, 5)): [1, 0.14246575342465753, 'afterbirth_passive']}
682,0,1,9,21,False,2160.0,None,None,7499.866808778006,72,83,22,61,682,115,[],Virgo,{(8, datetime.date(1, 10, 5)): [1, 0.038356164383561646, 'afterbirth_passive'], (7, datetime.date(1, 10, 6)): [1, 0.0410958904109589, 'afterbirth_passive'], (8, datetime.date(1, 10, 14)): [1, 0.06575342465753424, 'afterbirth_passive'], (8, datetime.date(1, 10, 26)): [1, 0.0958904109589041, 'afterbirth_passive'], (8, datetime.date(1, 11, 12)): [1, 0.14246575342465753, 'afterbirth_passive'], (5, datetime.date(1, 12, 5)): [1, 0.2054794520547945, 'afterbirth_passive']}
808,1,1,10,15,False,870.0,None,None,754.9131558878169,29,27,37,57,808,801,[],Libra,{(8, datetime.date(1, 10, 19)): [1, 0.010958904109589041, 'afterbirth_passive'], (7, datetime.date(1, 11, 19)): [1, 0.0958904109589041, 'afterbirth_passive'], (8, datetime.date(1, 12, 4)): [1, 0.136986301369863, 'afterbirth_passive'], (5, datetime.date(1, 12, 5)): [1, 0.13972602739726028, 'afterbirth_passive'], (6, datetime.date(22, 2, 25)): [1, 20.379647969993602, 'prenatal']}
49,0,1,10,9,False,1350.0,None,None,2435.853116331355,45,74,86,1,49,None,[],Libra,{(8, datetime.date(1, 11, 14)): [1, 0.09863013698630137, 'afterbirth_passive'], (8, datetime.date(1, 11, 20)): [1, 0.11506849315068493, 'afterbirth_passive'], (8, datetime.date(1, 12, 5)): [1, 0.15616438356164383, 'afterbirth_passive'], (5, datetime.date(1, 12, 6)): [1, 0.1589041095890411, 'afterbirth_passive']}
441,0,1,11,14,False,2340.0,None,None,30023.438027086282,78,66,49,33,441,None,[],Ophiuchus,{(5, datetime.date(1, 12, 6)): [1, 0.06027397260273973, 'afterbirth_passive'], (1, datetime.date(23, 2, 25)): [1, 21.298338213265566, 'prenatal']}
551,1,1,10,7,False,1050.0,None,None,12179.265581656782,35,67,7,44,551,631,[],Libra,{(8, datetime.date(1, 10, 23)): [1, 0.043835616438356165, 'afterbirth_passive'], (5, datetime.date(1, 12, 6)): [1, 0.1643835616438356, 'afterbirth_passive']}
747,1,1,3,22,False,750.0,None,None,15262.74445674087,25,82,99,5,747,899,[],Pisces,{(7, datetime.date(1, 4, 9)): [1, 0.049315068493150684, 'afterbirth_passive'], (8, datetime.date(1, 5, 19)): [1, 0.1589041095890411, 'afterbirth_passive'], (7, datetime.date(1, 5, 22)): [1, 0.16712328767123288, 'afterbirth_passive'], (8, datetime.date(1, 5, 26)): [1, 0.1780821917808219, 'afterbirth_passive'], (7, datetime.date(1, 6, 15)): [1, 0.2328767123287671, 'afterbirth_passive'], (8, datetime.date(1, 6, 22)): [1, 0.25205479452054796, 'afterbirth_passive'], (8, datetime.date(1, 7, 2)): [1, 0.27945205479452057, 'afterbirth_passive'], (8, datetime.date(1, 7, 10)): [1, 0.3013698630136986, 'afterbirth_passive'], (8, datetime.date(1, 7, 13)): [1, 0.3095890410958904, 'afterbirth_passive'], (7, datetime.date(1, 7, 16)): [1, 0.3178082191780822, 'afterbirth_passive'], (7, datetime.date(1, 8, 5)): [1, 0.3726027397260274, 'afterbirth_passive'], (8, datetime.date(1, 10, 4)): [1, 0.536986301369863, 'afterbirth_passive'], (8, datetime.date(1, 10, 15)): [1, 0.5671232876712329, 'afterbirth_passive'], (7, datetime.date(1, 10, 16)): [1, 0.5698630136986301, 'afterbirth_passive'], (7, datetime.date(1, 11, 5)): [1, 0.6246575342465753, 'afterbirth_passive'], (8, datetime.date(1, 11, 7)): [1, 0.6328767123287671, 'afterbirth_passive'], (8, datetime.date(1, 11, 24)): [1, 0.6767123287671233, 'afterbirth_passive'], (5, datetime.date(1, 12, 6)): [1, 0.7095890410958904, 'afterbirth_passive']}
97,1,1,10,4,False,1170.0,None,None,54588.06914015687,39,60,32,19,97,805,[],Virgo,{(8, datetime.date(1, 10, 26)): [1, 0.06027397260273973, 'afterbirth_passive'], (8, datetime.date(1, 11, 8)): [1, 0.0958904109589041, 'afterbirth_passive'], (8, datetime.date(1, 11, 22)): [1, 0.13424657534246576, 'afterbirth_passive'], (8, datetime.date(1, 11, 23)): [1, 0.136986301369863, 'afterbirth_passive'], (5, datetime.date(1, 12, 7)): [1, 0.17534246575342466, 'afterbirth_passive'], (6, datetime.date(32, 1, 24)): [1, 30.327172076837698, 'prenatal'], (0, datetime.date(40, 6, 4)): [1, 38.69327865070378, 'prenatal']}
282,1,1,9,24,False,1770.0,None,None,24449.875655176005,59,32,12,77,282,None,[],Virgo,{(8, datetime.date(1, 10, 24)): [1, 0.0821917808219178, 'afterbirth_passive'], (8, datetime.date(1, 11, 14)): [1, 0.13972602739726028, 'afterbirth_passive'], (7, datetime.date(1, 11, 30)): [1, 0.18356164383561643, 'afterbirth_passive'], (7, datetime.date(1, 12, 4)): [1, 0.19452054794520549, 'afterbirth_passive'], (5, datetime.date(1, 12, 7)): [1, 0.20273972602739726, 'afterbirth_passive']}
692,0,1,8,5,False,2130.0,None,None,40466.37299302935,71,79,39,74,692,647,[],Leo,{(7, datetime.date(1, 8, 6)): [1, 0.0027397260273972603, 'afterbirth_passive'], (8, datetime.date(1, 8, 28)): [1, 0.06301369863013699, 'afterbirth_passive'], (7, datetime.date(1, 9, 19)): [1, 0.1232876712328767, 'afterbirth_passive'], (7, datetime.date(1, 10, 27)): [1, 0.2273972602739726, 'afterbirth_passive'], (8, datetime.date(1, 11, 8)): [1, 0.2602739726027397, 'afterbirth_passive'], (5, datetime.date(1, 12, 7)): [1, 0.33972602739726027, 'afterbirth_passive']}
697,0,1,11,29,False,720.0,None,None,21538.55336725755,24,32,9,14,697,958,[],Sagittarius,{(8, datetime.date(1, 12, 4)): [1, 0.0136986301369863, 'afterbirth_passive'], (5, datetime.date(1, 12, 7)): [1, 0.021917808219178082, 'afterbirth_passive']}
860,0,1,12,6,False,810.0,None,None,11846.204351991653,27,94,59,4,860,None,[],Sagittarius,{(5, datetime.date(1, 12, 7)): [1, 0.0027397260273972603, 'afterbirth_passive'], (5, datetime.date(36, 4, 30)): [1, 34.42436667302292, 'prenatal'], (9, datetime.date(51, 3, 27)): [1, 49.338693375466804, 'prenatal']}
912,0,1,11,12,False,1800.0,None,None,330226.79986216535,60,99,95,83,912,None,[],Ophiuchus,{(7, datetime.date(1, 11, 30)): [1, 0.049315068493150684, 'afterbirth_passive'], (5, datetime.date(1, 12, 7)): [1, 0.0684931506849315, 'afterbirth_passive']}
953,0,1,10,21,False,1740.0,None,None,29074.08030290964,58,5,95,6,953,190,[],Libra,{(7, datetime.date(1, 10, 23)): [1, 0.005479452054794521, 'afterbirth_passive'], (7, datetime.date(1, 10, 25)): [1, 0.010958904109589041, 'afterbirth_passive'], (8, datetime.date(1, 10, 28)): [1, 0.019178082191780823, 'afterbirth_passive'], (8, datetime.date(1, 11, 28)): [1, 0.10410958904109589, 'afterbirth_passive'], (7, datetime.date(1, 11, 29)): [1, 0.10684931506849316, 'afterbirth_passive'], (5, datetime.date(1, 12, 7)): [1, 0.12876712328767123, 'afterbirth_passive']}
317,1,1,11,22,False,1350.0,None,None,52123.299148763275,45,87,26,76,317,None,[],Ophiuchus,{(7, datetime.date(1, 11, 22)): [1, 0.0, 'afterbirth_passive'], (7, datetime.date(1, 12, 1)): [1, 0.024657534246575342, 'afterbirth_passive'], (7, datetime.date(1, 12, 2)): [1, 0.0273972602739726, 'afterbirth_passive'], (5, datetime.date(1, 12, 8)): [1, 0.043835616438356165, 'afterbirth_passive'], (5, datetime.date(40, 3, 23)): [1, 38.360088284865014, 'prenatal']}
786,0,1,11,29,False,990.0,None,None,21736.944246861945,33,65,46,32,786,None,[],Sagittarius,{(5, datetime.date(1, 12, 8)): [1, 0.024657534246575342, 'afterbirth_passive'], (6, datetime.date(28, 3, 23)): [1, 26.333122579956743, 'prenatal']}
318,0,1,10,3,False,1680.0,None,None,51243.740793625555,56,20,69,58,318,None,[],Virgo,{(5, datetime.date(1, 12, 9)): [1, 0.18356164383561643, 'afterbirth_passive'], (7, datetime.date(75, 9, 15)): [1, 74, 'prenatal']}
356,0,1,10,8,False,1410.0,None,None,70287.4791551505,47,71,12,2,356,None,[],Libra,{(7, datetime.date(1, 10, 23)): [1, 0.0410958904109589, 'afterbirth_passive'], (7, datetime.date(1, 11, 16)): [1, 0.10684931506849316, 'afterbirth_passive'], (5, datetime.date(1, 12, 9)): [1, 0.16986301369863013, 'afterbirth_passive']}
171,1,1,11,20,False,2040.0,None,None,41641.20317669794,68,22,83,70,171,None,[],Ophiuchus,{(8, datetime.date(1, 12, 1)): [1, 0.03287671232876712, 'afterbirth_passive'], (5, datetime.date(1, 12, 10)): [1, 0.0547945205479452, 'afterbirth_passive'], (9, datetime.date(57, 6, 12)): [1, 55.599397730297525, 'prenatal']}
486,1,1,11,15,False,990.0,None,None,8038.315283893476,33,39,92,9,486,None,[],Ophiuchus,{(5, datetime.date(1, 12, 11)): [1, 0.07123287671232877, 'afterbirth_passive']}
900,1,1,12,1,False,870.0,None,None,34631.74168144107,29,69,49,60,900,446,[],Sagittarius,{(5, datetime.date(1, 12, 12)): [1, 0.030136986301369864, 'afterbirth_passive']}
325,0,1,11,3,False,1710.0,None,None,143756.72705960897,57,24,61,82,325,30,[],Scorpius,{(7, datetime.date(1, 11, 4)): [1, 0.0027397260273972603, 'afterbirth_passive'], (7, datetime.date(1, 11, 11)): [1, 0.021917808219178082, 'afterbirth_passive'], (7, datetime.date(1, 12, 1)): [1, 0.07671232876712329, 'afterbirth_passive'], (5, datetime.date(1, 12, 13)): [1, 0.1095890410958904, 'afterbirth_passive']}
609,0,1,10,14,False,1440.0,None,None,43314.44616555928,48,89,25,20,609,None,[],Libra,{(5, datetime.date(1, 11, 6)): [1, 0.06575342465753424, 'afterbirth_passive'], (7, datetime.date(1, 11, 21)): [1, 0.10410958904109589, 'afterbirth_passive'], (8, datetime.date(1, 11, 25)): [1, 0.11506849315068493, 'afterbirth_passive'], (5, datetime.date(1, 12, 13)): [1, 0.1643835616438356, 'afterbirth_passive'], (5, datetime.date(28, 5, 13)): [1, 26.597827422215303, 'prenatal']}
